{"cameraMode":{"drawMode":0,"name":"Shaded","section":"Shading Mode"},"sceneLighting":false,"audioPlay":false,"sceneViewState":{"m_AlwaysRefresh":false,"showFog":true,"showSkybox":false,"showFlares":true,"showImageEffects":true,"showParticleSystems":true,"showVisualEffectGraphs":true,"m_FxEnabled":true},"in2DMode":false,"pivot":{"x":-0.00000762939453125,"y":0.3667890131473541,"z":-2.384185791015625e-7},"rotation":{"x":-0.04703313484787941,"y":0.9519925713539124,"z":-0.23479542136192323,"w":-0.1906990110874176},"size":0.4461631774902344,"orthographic":false}